{"cameraMode":{"drawMode":0,"name":"Shaded","section":"Shading Mode"},"sceneLighting":true,"audioPlay":false,"sceneViewState":{"m_AlwaysRefresh":false,"showFog":true,"showSkybox":true,"showFlares":true,"showImageEffects":true,"showParticleSystems":true,"showVisualEffectGraphs":true,"m_FxEnabled":true},"in2DMode":false,"pivot":{"x":-29.72393798828125,"y":6.819040298461914,"z":33.18328094482422},"rotation":{"x":0.05948236957192421,"y":0.43967318534851076,"z":-0.02919766865670681,"w":0.8957163691520691},"size":28.297510147094728,"orthographic":false}