{"cameraMode":{"drawMode":0,"name":"Shaded","section":"Shading Mode"},"sceneLighting":true,"audioPlay":false,"sceneViewState":{"m_AlwaysRefresh":false,"showFog":true,"showSkybox":true,"showFlares":true,"showImageEffects":true,"showParticleSystems":true,"showVisualEffectGraphs":true,"m_FxEnabled":true},"in2DMode":false,"pivot":{"x":1.2731473445892335,"y":1.043416976928711,"z":1.5433857440948487},"rotation":{"x":-0.1976694017648697,"y":0.08867353945970535,"z":-0.017957989126443864,"w":-0.9760898947715759},"size":0.8660253882408142,"orthographic":false}