{"cameraMode":{"drawMode":0,"name":"Shaded","section":"Shading Mode"},"sceneLighting":true,"audioPlay":false,"sceneViewState":{"showFog":true,"showMaterialUpdate":false,"showSkybox":true,"showFlares":true,"showImageEffects":true,"showParticleSystems":true},"in2DMode":false,"pivot":{"x":526.7581176757813,"y":57.812313079833987,"z":455.56170654296877},"rotation":{"x":-0.1976694017648697,"y":0.08867353945970535,"z":-0.017957989126443864,"w":-0.9760898947715759},"size":4.564253330230713,"orthographic":false}