{"cameraMode":{"drawMode":0,"name":"Shaded","section":"Shading Mode"},"sceneLighting":true,"audioPlay":false,"sceneViewState":{"showFog":true,"showMaterialUpdate":false,"showSkybox":true,"showFlares":true,"showImageEffects":true,"showParticleSystems":true},"in2DMode":false,"pivot":{"x":525.6898803710938,"y":60.193153381347659,"z":450.7338562011719},"rotation":{"x":-0.10808175802230835,"y":-0.017300033941864969,"z":0.0018811295740306378,"w":-0.9939900636672974},"size":2.1205852031707765,"orthographic":false}