{"cameraMode":{"drawMode":0,"name":"Shaded","section":"Shading Mode"},"sceneLighting":true,"audioPlay":false,"sceneViewState":{"showFog":true,"showMaterialUpdate":false,"showSkybox":true,"showFlares":true,"showImageEffects":true,"showParticleSystems":true},"in2DMode":false,"pivot":{"x":526.657958984375,"y":58.75907897949219,"z":455.9495544433594},"rotation":{"x":-0.1976694017648697,"y":0.08867353945970535,"z":-0.017957989126443864,"w":-0.9760898947715759},"size":2.407470703125,"orthographic":false}