{"cameraMode":{"drawMode":0,"name":"Shaded","section":"Shading Mode"},"sceneLighting":true,"audioPlay":false,"sceneViewState":{"showFog":true,"showMaterialUpdate":true,"showSkybox":true,"showFlares":true,"showImageEffects":true,"showParticleSystems":true},"in2DMode":false,"pivot":{"x":526.988525390625,"y":59.7054443359375,"z":454.0462951660156},"rotation":{"x":-0.19613943994045258,"y":0.15198060870170594,"z":-0.030597250908613206,"w":-0.968373715877533},"size":1.084191083908081,"orthographic":false}