{"cameraMode":{"drawMode":0,"name":"Shaded","section":"Shading Mode"},"sceneLighting":true,"audioPlay":false,"sceneViewState":{"m_AlwaysRefresh":false,"showFog":false,"showSkybox":false,"showFlares":false,"showImageEffects":false,"showParticleSystems":false,"showVisualEffectGraphs":true,"m_FxEnabled":true},"in2DMode":false,"pivot":{"x":0.3621601462364197,"y":-0.6545478701591492,"z":3.819051504135132},"rotation":{"x":0.36279943585395815,"y":0.12827537953853608,"z":-0.05073673278093338,"w":0.9217433929443359},"size":1.7321646213531495,"orthographic":false}