{"cameraMode":{"drawMode":0,"name":"Shaded","section":"Shading Mode"},"sceneLighting":true,"audioPlay":false,"sceneViewState":{"m_AlwaysRefresh":false,"showFog":false,"showSkybox":false,"showFlares":false,"showImageEffects":false,"showParticleSystems":false,"showVisualEffectGraphs":true,"m_FxEnabled":true},"in2DMode":false,"pivot":{"x":2.416635513305664,"y":0.8306353688240051,"z":1.8174445629119874},"rotation":{"x":-0.30901193618774416,"y":0.08050215244293213,"z":-0.026463095098733903,"w":-0.947386622428894},"size":0.35358911752700808,"orthographic":false}