{"cameraMode":{"drawMode":0,"name":"Shaded","section":"Shading Mode"},"sceneLighting":true,"audioPlay":false,"sceneViewState":{"m_AlwaysRefresh":false,"showFog":false,"showSkybox":true,"showFlares":false,"showImageEffects":false,"showParticleSystems":false,"showVisualEffectGraphs":true,"m_FxEnabled":true},"in2DMode":false,"pivot":{"x":-2.138460159301758,"y":0.8680025935173035,"z":2.2697372436523439},"rotation":{"x":-0.2662360966205597,"y":0.04193418100476265,"z":-0.012949674390256405,"w":-0.9632893800735474},"size":0.5230365991592407,"orthographic":false}