{"cameraMode":{"drawMode":0,"name":"Shaded","section":"Shading Mode"},"sceneLighting":true,"audioPlay":false,"sceneViewState":{"m_AlwaysRefresh":false,"showFog":false,"showSkybox":true,"showFlares":false,"showImageEffects":false,"showParticleSystems":false,"showVisualEffectGraphs":true,"m_FxEnabled":true},"in2DMode":false,"pivot":{"x":3.1389753818511965,"y":-2.239539623260498,"z":13.321304321289063},"rotation":{"x":0.13168904185295106,"y":0.13853679597377778,"z":-0.017694348469376565,"w":0.9818297624588013},"size":7.399040699005127,"orthographic":false}