{"cameraMode":{"drawMode":0,"name":"Shaded","section":"Shading Mode"},"sceneLighting":true,"audioPlay":false,"sceneViewState":{"m_AlwaysRefresh":false,"showFog":false,"showSkybox":true,"showFlares":false,"showImageEffects":false,"showParticleSystems":false,"showVisualEffectGraphs":true,"m_FxEnabled":true},"in2DMode":false,"pivot":{"x":-0.16007626056671143,"y":1.3646275997161866,"z":1.4505149126052857},"rotation":{"x":0.11052186787128449,"y":0.0018368166638538242,"z":0.0007251985953189433,"w":0.994218111038208},"size":0.5325559377670288,"orthographic":false}