{"cameraMode":{"drawMode":0,"name":"Shaded","section":"Shading Mode"},"sceneLighting":true,"audioPlay":false,"sceneViewState":{"m_AlwaysRefresh":false,"showFog":false,"showSkybox":false,"showFlares":false,"showImageEffects":false,"showParticleSystems":false,"showVisualEffectGraphs":true,"m_FxEnabled":true},"in2DMode":false,"pivot":{"x":2.0009195804595949,"y":0.8943814635276794,"z":1.9617972373962403},"rotation":{"x":-0.31286221742630007,"y":0.18861660361289979,"z":-0.06356059014797211,"w":-0.9288108944892883},"size":1.2563607692718506,"orthographic":false}