{"cameraMode":{"drawMode":0,"name":"Shaded","section":"Shading Mode"},"sceneLighting":true,"audioPlay":false,"sceneViewState":{"m_AlwaysRefresh":false,"showFog":false,"showSkybox":true,"showFlares":false,"showImageEffects":false,"showParticleSystems":false,"showVisualEffectGraphs":true,"m_FxEnabled":false},"in2DMode":false,"pivot":{"x":-0.5870369076728821,"y":0.9407050013542175,"z":-5.199016571044922},"rotation":{"x":0.0064621721394360069,"y":-0.9928175210952759,"z":0.046083200722932819,"w":0.11365383118391037},"size":3.8526875972747804,"orthographic":false}