{"cameraMode":{"drawMode":0,"name":"Shaded","section":"Shading Mode"},"sceneLighting":true,"audioPlay":false,"sceneViewState":{"m_AlwaysRefresh":false,"showFog":false,"showSkybox":false,"showFlares":false,"showImageEffects":false,"showParticleSystems":false,"showVisualEffectGraphs":true,"m_FxEnabled":true},"in2DMode":false,"pivot":{"x":0.00005535781383514404,"y":0.937023937702179,"z":2.7641713619232179},"rotation":{"x":-0.17044119536876679,"y":0.20786261558532716,"z":-0.03665018454194069,"w":-0.9626299738883972},"size":0.8321647047996521,"orthographic":false}