{"cameraMode":{"drawMode":0,"name":"Shaded","section":"Shading Mode"},"sceneLighting":true,"audioPlay":false,"sceneViewState":{"m_AlwaysRefresh":false,"showFog":false,"showSkybox":false,"showFlares":false,"showImageEffects":false,"showParticleSystems":true,"showVisualEffectGraphs":true,"m_FxEnabled":true},"in2DMode":false,"pivot":{"x":-16.214191436767579,"y":-11.163997650146485,"z":-69.77388000488281},"rotation":{"x":-0.10396939516067505,"y":0.0025462231133133175,"z":-0.001467395224608481,"w":-0.9949969053268433},"size":68.06659698486328,"orthographic":false}