{"cameraMode":{"drawMode":0,"name":"Shaded","section":"Shading Mode"},"sceneLighting":true,"audioPlay":false,"sceneViewState":{"m_AlwaysRefresh":false,"showFog":true,"showSkybox":true,"showFlares":true,"showImageEffects":true,"showParticleSystems":true,"showVisualEffectGraphs":true,"m_FxEnabled":true},"in2DMode":false,"pivot":{"x":-22.788414001464845,"y":-14.617233276367188,"z":-9.307632446289063},"rotation":{"x":-0.06961186230182648,"y":0.9303855895996094,"z":-0.25329920649528506,"w":-0.25568878650665285},"size":61.190521240234378,"orthographic":false}